,year,name,card,rank
0,2012,johnafe,0,1
1,2012,johnsai,78,2
2,2012,johnpit,182,3
3,2012,johndar,203,4
4,2012,johnall,206,5
5,2017,johnpid,12,1
6,2017,johnkna,32,2
7,2017,johnzwe,127,3
8,2017,johnfir,194,4
9,2017,johnbla,341,5
10,2019,johnvis,33,1
11,2019,johnpad,38,2
12,2019,johnhan,133,3
13,2019,johnk12,143,4
14,2019,johnfir,144,5
15,2020,johnvcm,518,1
16,2022,johnmik,485,1
17,2022,johngra,595,2
18,2022,johncll,599,3
19,2022,johnsty,757,4
20,2022,peter,6265,5
21,2023,john005,4,1
22,2023,johnduc,67,2
23,2023,johnliz,86,3
24,2023,johnsai,127,4
25,2023,johnhyp,156,5
